﻿<?xml version="1.0" encoding="UTF-8" standalone="yes"?>
<addon id="script.module.hg" name="Hes Goal Streams" version="1.1.0" provider-name="Me">
	<requires>
        <import addon="xbmc.python" version="2.25.0"/>
        <import addon="script.module.addon.common" />
        <import addon="script.module.requests"  />
        <import addon="script.module.beautifulsoup4"  />
        <import addon="script.module.bybmodules"  version="0.0.0.1"/>
	</requires>
	<extension point="xbmc.python.pluginsource" library="default.py">
		<provides>all</provides>
	</extension>
	<extension point="xbmc.addon.metadata">
		<summary lang="en">Single Site scraper.</summary>
		<description lang="en">A small plugin for playing streams from Hes-Goal
		</description>
		<disclaimer lang="en">The author does not host or distribute any of the content displayed by this addon. The author does not have any affiliation with the content provider.</disclaimer>
		<platform>all</platform>
	</extension>
</addon>
