<?xml version="1.0" encoding="UTF-8" standalone="yes"?>
<addon id="script.module.bigpictures" name="The Big Pictures Scrapers" version="1.2.0" provider-name="Tristan Fischer (sphere@dersphere.de)">
    <requires>
        <import addon="xbmc.python" version="2.1.0"/>
        <import addon="script.module.beautifulsoup" version="3.0.8"/>
        <import addon="script.module.parsedom" version="2.5.2" />
    </requires>
    <extension point="xbmc.python.module" library="lib" />
    <extension point="xbmc.addon.metadata">
        <language></language>
        <summary lang="en">Scrapers for The Big Pictures</summary>
        <description lang="en">Scrapers for The Big Pictures</description>
        <platform>all</platform>
    </extension>
</addon>
