<?xml version="1.0" encoding="UTF-8" standalone="yes"?>
<addon id="script.module.requests"
       name="requests"
       version="2.19.1"
       provider-name="kennethreitz">
  <requires>
    <import addon="xbmc.python" version="2.25.0"/>
    <import addon="script.module.urllib3" version="1.22"/>
    <import addon="script.module.chardet" version="3.0.4"/>
    <import addon="script.module.idna" version="2.6"/>
    <import addon="script.module.certifi" version="2017.07.27.1"/>
  </requires>
  <extension point="xbmc.python.module"
             library="lib" />
  <extension point="xbmc.addon.metadata">
    <summary lang="en_GB">Python HTTP for Humans</summary>
    <description lang="en_GB">Packed for KODI from https://github.com/requests/requests</description>
    <platform>all</platform>
    <language></language>
    <license>Apache2</license>
    <forum></forum>
    <website>http://python-requests.org</website>
    <source>https://github.com/beenje/script.module.requests</source>
    <email>beenje AT gmail.com</email>
  </extension>
</addon>
