﻿<?xml version="1.0" encoding="utf-8" standalone="yes"?>
<window type="window">
    <controls>
        <control type="image" id="30002">
            <description>The spinning animation in the background</description>
            <posx>607</posx>
            <posy>327</posy>
            <width>66</width>
            <height>66</height>
            <texture>loader.gif</texture>
        </control>
        <control type="largeimage" id="30001">
            <description>The big picture</description>
            <posx>0</posx>
            <posy>60</posy>
            <width>1280</width>
            <height>606</height>
            <fadetime>1000</fadetime>
            <aspectratio>keep</aspectratio>
        </control>
        <control type="image">
            <description>Background for Header</description>
            <posx>0</posx>
            <posy>0</posy>
            <width>1280</width>
            <height>64</height>
            <texture border="0,0,20,0">HeaderBack.png</texture>
        </control>
        <control type="image">
            <description>Background for Footer</description>
            <posx>0</posx>
            <posy>570</posy>
            <width>1280</width>
            <height>151</height>
            <texture border="0,0,20,0">FooterBack.png</texture>
        </control>
        <control type="label">
            <description>Label Screensaver</description>
            <posx>1260</posx>
            <posy>15</posy>
            <width>320</width>
            <height>20</height>
            <align>right</align>
            <aligny>center</aligny>
            <label>The Big Pictures Screensaver</label>
            <textcolor>FFDDDDDD</textcolor>
            <font>font13</font>
        </control>
        <control type="label" id="30003">
            <description>Label for source title</description>
            <posx>20</posx>
            <posy>15</posy>
            <width>400</width>
            <height>20</height>
            <align>left</align>
            <aligny>center</aligny>
            <textcolor>FFDDDDDD</textcolor>
            <font>font13</font>
        </control>
        <control type="label" id="30004">
            <description>Label for picture title</description>
            <posx>230</posx>
            <posy>15</posy>
            <width>820</width>
            <height>20</height>
            <align>center</align>
            <aligny>center</aligny>
            <textcolor>FF4a92f7</textcolor>
            <font>font13</font>
            <scroll>true</scroll>
        </control>
        <control type="textbox" id="30005">
            <description>Label for picture description</description>
            <posx>20</posx>
            <posy>593</posy>
            <width>1230</width>
            <height>120</height>
            <font>font28</font>
            <align>left</align>
            <aligny>top</aligny>
            <autoscroll delay="10000" time="2500" repeat="10000"></autoscroll>
            <wrapmultiline>true</wrapmultiline>
            <textcolor>FFDDDDDD</textcolor>
        </control>
        <control type="largeimage" id="30006">
            <description>The xext big picture (for preloading)</description>
            <posx>1280</posx>
            <posy>0</posy>
            <width>16</width>
            <height>9</height>
            <aspectratio>keep</aspectratio>
        </control>
    </controls>
</window>
