<?xml version="1.0" encoding="UTF-8" standalone="yes"?>
<addon id="repository.kodibackup" name="Kodi Dependency Backup" version="0.0.1" provider-name="A2TheKay">
	<extension point="xbmc.addon.repository" name="Kodi Dependency Backup">
		<dir>
			<info compressed="false">https://raw.githubusercontent.com/totalrevolution/python-koding/master/zips/addons.xml</info>
			<checksum>https://raw.githubusercontent.com/totalrevolution/python-koding/master/zips/addons.xml.md5</checksum>
			<datadir zip="true">https://raw.githubusercontent.com/totalrevolution/python-koding/master/zips/</datadir>
		</dir>
		<info compressed="false">https://raw.githubusercontent.com/kayaaron13/repository.kodibackup/master/zips/addons.xml</info>
		<checksum>https://raw.githubusercontent.com/kayaaron13/repository.kodibackup/master/zips/addons.xml.md5</checksum>
		<datadir zip="true">https://raw.githubusercontent.com/kayaaron13/repository.kodibackup/master/zips/</datadir>
	</extension>
	<extension point="xbmc.addon.metadata">
		<summary lang="en">Dependency Backup of Kodi Official Repo</summary>
		<description lang="en">Dependency Backup of Kodi Official Repo</description>
		<genre>devtools,uk,usa</genre>
	</extension>
</addon>