<?xml version="1.0" encoding="UTF-8"?>
<addon
  id="peripheral.joystick"
  version="1.3.4"
  name="Joystick Support"
  provider-name="Team-Kodi">
  <requires>
    <c-pluff version="0.1"/>
    <import addon="kodi.peripheral" version="1.3.1"/>
  </requires>
  <extension
    point="kodi.peripheral"
    provides_joysticks="true"
    provides_buttonmaps="true"
    library_windows="peripheral.joystick.dll"/>
  <extension point="xbmc.addon.metadata">
    <summary lang="en">Kodi Joystick Library</summary>
    <description lang="en">This library provides joystick drivers and button maps. Multiple joystick APIs are supported, including DirectX, XInput, SDL and the Linux Joystick API.</description>
    <platform>windows</platform>
    <noicon>true</noicon>
    <nofanart>true</nofanart>
  </extension>
</addon>
